,video,Short-term-pred,Long-term-pred,Short-term-true,Long-term-true
0,video6005.webm,0.8639835,0.7794263,0.861,0.75
1,video6006.webm,0.85389817,0.7700045,0.956,0.833
2,video6007.webm,0.86349905,0.77897006,0.922,0.722
3,video6009.webm,0.85389817,0.7700045,0.895,0.6920000000000001
4,video6010.webm,0.858778,0.77454245,0.8390000000000001,0.8
5,video6011.webm,0.86399436,0.77943623,0.9229999999999999,0.625
6,video6012.webm,0.8673572,0.7826588,0.5920000000000001,0.267
7,video6013.webm,0.8659228,0.78127986,0.983,0.7829999999999999
8,video6015.webm,0.85389817,0.7700045,0.8959999999999999,0.818
9,video6016.webm,0.85389817,0.7700045,0.831,0.583
10,video6017.webm,0.85389817,0.7700045,0.82,0.81
11,video6018.webm,0.8640205,0.77946126,0.861,0.917
12,video6019.webm,0.86972046,0.78495574,0.9209999999999999,0.7
13,video6021.webm,0.85389817,0.7700045,0.7390000000000001,0.9
14,video6022.webm,0.86447287,0.77988803,0.951,1.0
15,video6024.webm,0.86737275,0.7826742,0.86,0.727
16,video6026.webm,0.86399436,0.77943623,0.8759999999999999,0.556
17,video6027.webm,0.8671449,0.782454,0.8420000000000001,0.9
18,video6028.webm,0.8659243,0.7812813,0.89,0.909
19,video6030.webm,0.8659243,0.7812813,0.922,0.813
20,video6031.webm,0.8565525,0.77246547,0.953,0.889
21,video6032.webm,0.85389817,0.7700045,0.893,0.8
22,video6033.webm,0.8692124,0.7844597,0.747,0.889
23,video6034.webm,0.85389817,0.7700045,0.8240000000000001,0.654
24,video6036.webm,0.85389817,0.7700045,0.922,0.75
25,video6037.webm,0.8639835,0.7794263,0.769,0.727
26,video6038.webm,0.85389817,0.7700045,0.922,0.909
27,video6039.webm,0.85845804,0.7742454,0.892,0.8
28,video6040.webm,0.85389817,0.7700045,0.867,0.909
29,video6041.webm,0.85389817,0.7700045,0.8690000000000001,0.818
30,video6042.webm,0.8645866,0.7799955,0.816,0.8
31,video6043.webm,0.85389817,0.7700045,0.9309999999999999,0.8
32,video6044.webm,0.85389817,0.7700045,0.9229999999999999,0.818
33,video6047.webm,0.8598623,0.775553,0.8390000000000001,0.455
34,video6048.webm,0.8582109,0.77401483,0.797,0.8
35,video6049.webm,0.8639835,0.7794263,0.8320000000000001,0.4
36,video6050.webm,0.8639835,0.7794263,0.8029999999999999,0.8
37,video6051.webm,0.85389817,0.7700045,0.691,0.4
38,video6052.webm,0.86349905,0.77897006,0.8059999999999999,0.846
39,video6054.webm,0.8594719,0.77518785,0.897,0.733
40,video6055.webm,0.85901105,0.7747592,0.953,0.846
41,video6056.webm,0.85389817,0.7700045,0.684,0.813
42,video6057.webm,0.85389817,0.7700045,0.743,0.7140000000000001
43,video6058.webm,0.8565525,0.77246547,0.897,0.9229999999999999
44,video6059.webm,0.85389817,0.7700045,0.872,0.813
45,video6060.webm,0.85389817,0.7700045,0.9640000000000001,0.9229999999999999
46,video6061.webm,0.85389817,0.7700045,0.721,0.833
47,video6062.webm,0.8640107,0.77945256,0.8959999999999999,0.5379999999999999
48,video6063.webm,0.86909,0.78434,0.893,0.769
49,video6064.webm,0.8639835,0.7794263,0.953,0.545
50,video6065.webm,0.8640001,0.77944297,0.8909999999999999,0.9
51,video6067.webm,0.85389817,0.7700045,0.9259999999999999,0.889
52,video6068.webm,0.8582109,0.77401483,0.899,0.583
53,video6069.webm,0.85389817,0.7700045,0.748,0.615
54,video6071.webm,0.85389817,0.7700045,0.831,0.7
55,video6072.webm,0.8582109,0.77401483,0.838,0.818
56,video6073.webm,0.860119,0.7757921,0.9229999999999999,0.833
57,video6074.webm,0.85389817,0.7700045,0.8079999999999999,0.7859999999999999
58,video6075.webm,0.8582109,0.77401483,0.953,0.846
59,video6076.webm,0.86216486,0.7777101,0.9590000000000001,0.846
60,video6077.webm,0.86737645,0.78267837,0.9109999999999999,0.545
61,video6079.webm,0.85389817,0.7700045,0.627,0.455
62,video6080.webm,0.8640211,0.7794621,0.892,0.889
63,video6081.webm,0.85389817,0.7700045,0.883,0.75
64,video6084.webm,0.8639835,0.7794263,0.868,0.706
65,video6086.webm,0.85389817,0.7700045,0.953,0.818
66,video6087.webm,0.8598623,0.775553,0.887,0.875
67,video6088.webm,0.85389817,0.7700045,0.8390000000000001,0.9
68,video6089.webm,0.86349905,0.77897006,0.893,0.833
69,video6091.webm,0.8639835,0.7794263,0.924,0.875
70,video6092.webm,0.86399436,0.77943623,0.752,0.909
71,video6093.webm,0.8639835,0.7794263,0.8959999999999999,1.0
72,video6094.webm,0.86571884,0.7810836,0.9540000000000001,0.909
73,video6095.webm,0.8565525,0.77246547,0.805,0.667
74,video6096.webm,0.85389817,0.7700045,0.955,0.8
75,video6097.webm,0.8639835,0.7794263,0.815,0.556
76,video6098.webm,0.8582109,0.77401483,0.775,0.6
77,video6099.webm,0.86399436,0.77943623,0.809,0.667
78,video6100.webm,0.8597026,0.7754024,0.95,0.8
79,video6102.webm,0.8582109,0.77401483,0.841,0.9
80,video6103.webm,0.85901105,0.7747592,0.986,0.731
81,video6104.webm,0.8715537,0.78675073,0.894,0.8240000000000001
82,video6105.webm,0.8565525,0.77246547,0.955,0.8
83,video6106.webm,0.86586934,0.78122866,0.981,0.938
84,video6107.webm,0.85901105,0.7747592,0.8079999999999999,0.889
85,video6109.webm,0.85845804,0.7742454,0.833,0.917
86,video6110.webm,0.8638953,0.779344,0.807,0.6
87,video6111.webm,0.858778,0.77454245,0.831,0.769
88,video6112.webm,0.85389817,0.7700045,0.836,0.846
89,video6114.webm,0.8639835,0.7794263,0.847,0.9229999999999999
90,video6115.webm,0.86349905,0.77897006,0.672,0.667
91,video6116.webm,0.8582109,0.77401483,0.779,0.8
92,video6117.webm,0.8635379,0.7790071,0.865,0.556
93,video6119.webm,0.85389817,0.7700045,0.983,0.7859999999999999
94,video6120.webm,0.86806184,0.7833463,0.8590000000000001,0.462
95,video6121.webm,0.8639835,0.7794263,0.953,0.769
96,video6122.webm,0.85389817,0.7700045,0.654,0.4
97,video6123.webm,0.8673944,0.7826953,0.9279999999999999,0.778
98,video6126.webm,0.85389817,0.7700045,0.8290000000000001,0.9
99,video6127.webm,0.85389817,0.7700045,0.893,0.769
100,video6128.webm,0.85389817,0.7700045,0.889,0.818
101,video6129.webm,0.85389817,0.7700045,0.86,0.9229999999999999
102,video6131.webm,0.8639816,0.7794249,0.86,0.846
103,video6132.webm,0.8565525,0.77246547,0.8640000000000001,0.9
104,video6133.webm,0.8565525,0.77246547,0.8390000000000001,0.6
105,video6134.webm,0.85389817,0.7700045,0.897,0.727
106,video6135.webm,0.85389817,0.7700045,0.888,0.917
107,video6136.webm,0.8639835,0.7794263,0.9229999999999999,0.9
108,video6138.webm,0.86927783,0.7845229,0.917,0.7859999999999999
109,video6139.webm,0.85389817,0.7700045,0.816,0.9
110,video6140.webm,0.8692322,0.7844784,0.92,0.833
111,video6141.webm,0.8643373,0.7797605,0.925,0.867
112,video6142.webm,0.85389817,0.7700045,0.833,0.636
113,video6143.webm,0.85389817,0.7700045,0.9229999999999999,0.7
114,video6145.webm,0.86737275,0.7826742,0.919,0.875
115,video6146.webm,0.85389817,0.7700045,0.925,0.9
116,video6148.webm,0.85389817,0.7700045,0.955,0.889
117,video6149.webm,0.85389817,0.7700045,0.9209999999999999,0.917
118,video6150.webm,0.8696148,0.7848532,0.85,0.813
119,video6151.webm,0.86433446,0.7797574,0.802,0.9229999999999999
120,video6152.webm,0.8654777,0.78085136,0.982,1.0
121,video6154.webm,0.85389817,0.7700045,0.8909999999999999,0.889
122,video6155.webm,0.85389817,0.7700045,0.833,1.0
123,video6156.webm,0.85389817,0.7700045,0.892,0.833
124,video6157.webm,0.85389817,0.7700045,0.898,0.7
125,video6158.webm,0.85389817,0.7700045,0.897,0.6
126,video6160.webm,0.85389817,0.7700045,0.8909999999999999,1.0
127,video6161.webm,0.87163126,0.78682786,0.655,0.8
128,video6162.webm,0.85389817,0.7700045,0.867,0.833
129,video6163.webm,0.868822,0.7840825,0.847,0.914
130,video6164.webm,0.85389817,0.7700045,0.951,0.9
131,video6165.webm,0.86975247,0.7849854,0.723,0.778
132,video6166.webm,0.85389817,0.7700045,0.807,0.8
133,video6167.webm,0.8598623,0.775553,0.9620000000000001,0.9229999999999999
134,video6168.webm,0.8582109,0.77401483,0.752,0.7
135,video6169.webm,0.86942285,0.78466487,0.924,0.7
136,video6170.webm,0.86737275,0.7826742,0.861,0.917
137,video6171.webm,0.8639835,0.7794263,0.865,0.727
138,video6172.webm,0.8565525,0.77246547,0.863,0.8240000000000001
139,video6173.webm,0.8639835,0.7794263,0.898,0.8
140,video6174.webm,0.8655112,0.7808839,0.8540000000000001,1.0
141,video6177.webm,0.8639835,0.7794263,0.95,1.0
142,video6178.webm,0.86805224,0.78333324,0.779,1.0
143,video6179.webm,0.85389817,0.7700045,0.773,0.909
144,video6182.webm,0.8640107,0.77945256,0.7859999999999999,0.733
145,video6183.webm,0.8582109,0.77401483,0.87,0.846
146,video6184.webm,0.85389817,0.7700045,0.898,0.9
147,video6185.webm,0.85389817,0.7700045,0.863,0.9440000000000001
148,video6186.webm,0.85389817,0.7700045,0.8959999999999999,1.0
149,video6187.webm,0.85389817,0.7700045,0.922,0.909
150,video6188.webm,0.85389817,0.7700045,0.795,0.818
151,video6189.webm,0.8651016,0.7804909,0.951,0.7859999999999999
152,video6190.webm,0.8582109,0.77401483,0.92,1.0
153,video6191.webm,0.8582109,0.77401483,0.769,0.821
154,video6192.webm,0.85389817,0.7700045,0.863,0.9
155,video6194.webm,0.8640611,0.77949977,0.902,0.682
156,video6195.webm,0.86399436,0.77943623,0.919,0.733
157,video6196.webm,0.85389817,0.7700045,0.7959999999999999,0.7859999999999999
158,video6198.webm,0.8639866,0.7794298,0.8109999999999999,0.643
159,video6199.webm,0.8639835,0.7794263,0.789,0.778
160,video6201.webm,0.85389817,0.7700045,0.895,0.9329999999999999
161,video6203.webm,0.8640001,0.77944297,0.895,0.833
162,video6204.webm,0.8639835,0.7794263,0.9229999999999999,0.909
163,video6205.webm,0.8640505,0.77949023,0.8959999999999999,0.769
164,video6206.webm,0.85901105,0.7747592,0.805,0.636
165,video6207.webm,0.85389817,0.7700045,0.897,0.9
166,video6208.webm,0.86399436,0.77943623,0.927,0.818
167,video6209.webm,0.8582109,0.77401483,0.653,0.583
168,video6210.webm,0.86349905,0.77897006,0.83,0.857
169,video6212.webm,0.8673944,0.7826953,0.985,0.9
170,video6213.webm,0.85389817,0.7700045,0.889,0.6
171,video6214.webm,0.86887455,0.78413165,0.7559999999999999,0.8
172,video6215.webm,0.85901105,0.7747592,0.929,0.909
173,video6216.webm,0.85389817,0.7700045,0.772,0.75
174,video6218.webm,0.85389817,0.7700045,0.9229999999999999,0.8
175,video6219.webm,0.85389817,0.7700045,0.862,0.9329999999999999
176,video6221.webm,0.86186796,0.77743006,0.773,0.5710000000000001
177,video6224.webm,0.85389817,0.7700045,0.9209999999999999,0.833
178,video6225.webm,0.85389817,0.7700045,0.9079999999999999,0.72
179,video6227.webm,0.85389817,0.7700045,0.5720000000000001,0.667
180,video6230.webm,0.85389817,0.7700045,0.8290000000000001,0.7
181,video6231.webm,0.85389817,0.7700045,0.924,1.0
182,video6232.webm,0.85389817,0.7700045,0.809,0.545
183,video6233.webm,0.8565525,0.77246547,0.861,0.833
184,video6234.webm,0.85389817,0.7700045,0.9490000000000001,0.813
185,video6235.webm,0.85389817,0.7700045,0.951,0.727
186,video6236.webm,0.85389817,0.7700045,0.9229999999999999,0.9229999999999999
187,video6237.webm,0.8639835,0.7794263,0.857,0.8
188,video6239.webm,0.8638911,0.77933943,0.922,0.818
189,video6240.webm,0.8640205,0.77946126,0.8690000000000001,0.8
190,video6243.webm,0.85389817,0.7700045,0.897,0.9
191,video6244.webm,0.85389817,0.7700045,0.889,0.778
192,video6245.webm,0.85845804,0.7742454,0.7659999999999999,0.846
193,video6246.webm,0.85389817,0.7700045,0.836,0.846
194,video6247.webm,0.85389817,0.7700045,0.922,0.8
195,video6248.webm,0.86927044,0.7845162,0.983,0.929
196,video6250.webm,0.85389817,0.7700045,0.8540000000000001,0.7859999999999999
197,video6252.webm,0.8582109,0.77401483,0.742,0.455
198,video6254.webm,0.85389817,0.7700045,0.8590000000000001,0.813
199,video6255.webm,0.86349905,0.77897006,0.863,0.5329999999999999
200,video6256.webm,0.8639835,0.7794263,0.813,0.818
201,video6257.webm,0.86573315,0.7810972,0.674,0.7
202,video6258.webm,0.8642323,0.7796612,0.8320000000000001,1.0
203,video6260.webm,0.86793673,0.7832215,0.772,1.0
204,video6261.webm,0.85389817,0.7700045,0.895,0.9229999999999999
205,video6262.webm,0.85389817,0.7700045,0.98,0.7
206,video6264.webm,0.85389817,0.7700045,0.925,1.0
207,video6265.webm,0.86579514,0.7811568,0.863,0.963
208,video6266.webm,0.867705,0.7829969,0.956,0.857
209,video6268.webm,0.85389817,0.7700045,0.89,0.867
210,video6269.webm,0.85389817,0.7700045,0.941,0.667
211,video6270.webm,0.85901105,0.7747592,0.807,0.909
212,video6271.webm,0.85389817,0.7700045,0.91,0.833
213,video6272.webm,0.85389817,0.7700045,0.665,0.5379999999999999
214,video6275.webm,0.8715537,0.78675073,0.9229999999999999,0.769
215,video6276.webm,0.8688215,0.7840819,0.873,0.7
216,video6277.webm,0.8640296,0.77946943,0.862,0.909
217,video6278.webm,0.86927783,0.7845229,0.653,0.385
218,video6279.webm,0.85389817,0.7700045,0.87,0.941
219,video6280.webm,0.86966455,0.7849022,0.737,0.583
220,video6281.webm,0.85389817,0.7700045,0.841,0.9329999999999999
221,video6284.webm,0.85389817,0.7700045,0.84,0.7859999999999999
222,video6285.webm,0.8639835,0.7794263,0.779,0.68
223,video6286.webm,0.8663222,0.78166443,0.955,0.545
224,video6288.webm,0.8639835,0.7794263,0.8959999999999999,0.727
225,video6289.webm,0.8565525,0.77246547,0.8590000000000001,0.222
226,video6290.webm,0.8638911,0.77933943,0.922,0.909
227,video6291.webm,0.85389817,0.7700045,0.925,0.75
228,video6293.webm,0.86397696,0.77942,0.8029999999999999,0.833
229,video6294.webm,0.85901105,0.7747592,0.892,0.813
230,video6295.webm,0.8673972,0.7826983,0.693,1.0
231,video6296.webm,0.86349905,0.77897006,0.861,0.7829999999999999
232,video6297.webm,0.86927783,0.7845229,0.907,0.8
233,video6298.webm,0.85389817,0.7700045,0.8340000000000001,0.733
234,video6299.webm,0.8673023,0.78260666,0.835,1.0
235,video6303.webm,0.85389817,0.7700045,0.69,0.818
236,video6304.webm,0.86593485,0.78129137,0.89,0.833
237,video6305.webm,0.8639835,0.7794263,0.8390000000000001,0.818
238,video6306.webm,0.8696085,0.784848,0.865,0.8
239,video6307.webm,0.8655554,0.780926,0.866,0.8
240,video6309.webm,0.85389817,0.7700045,0.835,0.4
241,video6310.webm,0.86909074,0.78434193,0.9540000000000001,0.545
242,video6311.webm,0.85901105,0.7747592,0.8759999999999999,0.708
243,video6312.webm,0.85901105,0.7747592,0.7959999999999999,0.733
244,video6313.webm,0.8663432,0.7816846,0.8320000000000001,1.0
245,video6315.webm,0.86349905,0.77897006,0.978,0.889
246,video6316.webm,0.85901105,0.7747592,0.925,0.909
247,video6317.webm,0.86737275,0.7826742,0.733,0.625
248,video6318.webm,0.860119,0.7757921,0.925,0.875
249,video6319.webm,0.8639281,0.7793744,0.775,0.556
250,video6320.webm,0.85389817,0.7700045,0.935,1.0
251,video6321.webm,0.85389817,0.7700045,0.7440000000000001,0.846
252,video6322.webm,0.85845804,0.7742454,0.862,0.8
253,video6323.webm,0.8640505,0.77949023,0.8909999999999999,0.6
254,video6324.webm,0.8639835,0.7794263,0.809,0.556
255,video6325.webm,0.85389817,0.7700045,0.828,0.882
256,video6326.webm,0.85389817,0.7700045,0.86,0.6
257,video6328.webm,0.85389817,0.7700045,0.845,0.818
258,video6329.webm,0.86737275,0.7826742,0.685,0.5
259,video6330.webm,0.85389817,0.7700045,0.925,0.929
260,video6331.webm,0.8639866,0.7794298,0.953,0.8
261,video6332.webm,0.86186796,0.77743006,0.8640000000000001,0.583
262,video6333.webm,0.85389817,0.7700045,0.7659999999999999,0.9
263,video6335.webm,0.86399436,0.77943623,0.638,0.591
264,video6336.webm,0.8697103,0.78494453,0.866,0.733
265,video6337.webm,0.85389817,0.7700045,0.924,0.917
266,video6338.webm,0.85389817,0.7700045,0.8690000000000001,0.818
267,video6339.webm,0.87028396,0.78550637,0.951,0.917
268,video6340.webm,0.8655616,0.7809328,0.8909999999999999,0.778
269,video6342.webm,0.8663432,0.7816846,0.878,0.6
270,video6343.webm,0.8639835,0.7794263,0.95,0.81
271,video6344.webm,0.86942285,0.78466487,0.8290000000000001,0.556
272,video6346.webm,0.85389817,0.7700045,0.8029999999999999,0.889
273,video6347.webm,0.86942285,0.78466487,0.8009999999999999,0.8
274,video6348.webm,0.86349905,0.77897006,0.868,0.9
275,video6349.webm,0.8598623,0.775553,0.8340000000000001,0.7859999999999999
276,video6350.webm,0.86349905,0.77897006,0.8640000000000001,0.9
277,video6351.webm,0.85389817,0.7700045,0.812,0.9229999999999999
278,video6352.webm,0.86349905,0.77897006,0.83,0.455
279,video6353.webm,0.8715537,0.78675073,0.9520000000000001,0.875
280,video6354.webm,0.85389817,0.7700045,0.927,0.75
281,video6356.webm,0.85389817,0.7700045,0.687,0.25
282,video6357.webm,0.8692304,0.7844767,0.982,1.0
283,video6358.webm,0.85389817,0.7700045,0.892,1.0
284,video6359.webm,0.85389817,0.7700045,0.745,0.5329999999999999
285,video6361.webm,0.8657509,0.7811148,0.765,0.667
286,video6362.webm,0.8582109,0.77401483,0.8079999999999999,1.0
287,video6363.webm,0.86429274,0.77971816,0.955,0.9
288,video6366.webm,0.85389817,0.7700045,0.8270000000000001,0.636
289,video6368.webm,0.8643367,0.77975965,0.8909999999999999,1.0
290,video6370.webm,0.86349905,0.77897006,0.843,1.0
291,video6373.webm,0.85389817,0.7700045,0.8370000000000001,0.647
292,video6376.webm,0.85901105,0.7747592,0.9540000000000001,0.583
293,video6377.webm,0.858778,0.77454245,0.917,0.833
294,video6378.webm,0.85389817,0.7700045,0.9840000000000001,0.833
295,video6379.webm,0.85389817,0.7700045,0.8640000000000001,0.273
296,video6380.webm,0.8619921,0.77754766,0.897,0.667
297,video6381.webm,0.85389817,0.7700045,0.9179999999999999,0.7
298,video6382.webm,0.85389817,0.7700045,0.774,0.889
299,video6385.webm,0.85389817,0.7700045,0.927,1.0
300,video6386.webm,0.87161565,0.78681207,0.87,0.733
301,video6387.webm,0.86372817,0.77918565,0.919,1.0
302,video6388.webm,0.8659228,0.78127986,0.797,0.308
303,video6390.webm,0.85389817,0.7700045,0.816,0.9
304,video6391.webm,0.85389817,0.7700045,0.895,0.727
305,video6392.webm,0.8598623,0.775553,0.7959999999999999,0.833
306,video6393.webm,0.85389817,0.7700045,0.863,0.583
307,video6395.webm,0.8673944,0.7826953,0.8240000000000001,0.778
308,video6396.webm,0.85389817,0.7700045,0.772,0.727
309,video6397.webm,0.85389817,0.7700045,0.831,0.769
310,video6398.webm,0.8639835,0.7794263,0.922,0.778
311,video6399.webm,0.8640001,0.77944297,0.867,0.882
312,video6400.webm,0.85901105,0.7747592,0.922,0.7140000000000001
313,video6401.webm,0.85389817,0.7700045,0.597,0.545
314,video6402.webm,0.8678781,0.7831645,0.95,0.846
315,video6403.webm,0.8639835,0.7794263,0.861,0.909
316,video6404.webm,0.85389817,0.7700045,0.924,1.0
317,video6406.webm,0.85389817,0.7700045,0.873,0.885
318,video6407.webm,0.8639835,0.7794263,0.698,0.733
319,video6408.webm,0.85389817,0.7700045,0.893,0.818
320,video6409.webm,0.85389817,0.7700045,0.9259999999999999,0.818
321,video6410.webm,0.8639835,0.7794263,0.9229999999999999,0.7
322,video6412.webm,0.8639372,0.7793826,0.924,0.778
323,video6413.webm,0.8663432,0.7816846,0.7959999999999999,0.765
324,video6415.webm,0.8643373,0.7797605,0.7979999999999999,0.889
325,video6416.webm,0.86349905,0.77897006,0.866,0.909
326,video6418.webm,0.85389817,0.7700045,0.92,0.75
327,video6419.webm,0.85389817,0.7700045,0.9520000000000001,0.733
328,video6420.webm,0.86403173,0.7794717,0.9259999999999999,0.909
329,video6421.webm,0.8679762,0.78325945,0.981,0.75
330,video6422.webm,0.86564684,0.7810144,0.895,0.6
331,video6423.webm,0.8582109,0.77401483,0.721,0.6
332,video6425.webm,0.85389817,0.7700045,0.9229999999999999,0.8
333,video6426.webm,0.85389817,0.7700045,0.89,0.8240000000000001
334,video6427.webm,0.8638911,0.77933943,0.86,0.882
335,video6429.webm,0.85389817,0.7700045,0.9209999999999999,0.9229999999999999
336,video6431.webm,0.8639835,0.7794263,0.802,0.41700000000000004
337,video6432.webm,0.85389817,0.7700045,0.865,0.684
338,video6433.webm,0.86397696,0.77942,0.78,0.5
339,video6434.webm,0.85389817,0.7700045,0.8029999999999999,0.6
340,video6436.webm,0.85389817,0.7700045,0.956,0.778
341,video6437.webm,0.86349905,0.77897006,0.7,0.909
342,video6438.webm,0.85389817,0.7700045,0.782,0.75
343,video6439.webm,0.85389817,0.7700045,0.8909999999999999,0.75
344,video6440.webm,0.8640205,0.77946126,0.889,0.818
345,video6441.webm,0.8639835,0.7794263,0.713,0.625
346,video6442.webm,0.8565525,0.77246547,0.799,0.889
347,video6444.webm,0.85389817,0.7700045,0.866,0.727
348,video6446.webm,0.86804473,0.7833259,0.9209999999999999,0.889
349,video6447.webm,0.8582109,0.77401483,0.8490000000000001,0.889
350,video6448.webm,0.85901105,0.7747592,0.867,0.778
351,video6450.webm,0.8598623,0.775553,0.7659999999999999,0.636
352,video6452.webm,0.8642478,0.7796756,0.983,0.833
353,video6453.webm,0.85389817,0.7700045,0.866,0.867
354,video6454.webm,0.8674314,0.7827316,0.805,0.4
355,video6456.webm,0.85389817,0.7700045,0.92,0.9
356,video6457.webm,0.8639972,0.77943933,0.892,0.8
357,video6458.webm,0.87135303,0.786553,0.888,0.9
358,video6460.webm,0.85389817,0.7700045,0.866,0.636
359,video6461.webm,0.8678781,0.7831645,0.835,1.0
360,video6462.webm,0.86450803,0.7799212,0.897,1.0
361,video6463.webm,0.85389817,0.7700045,0.6629999999999999,0.7
362,video6465.webm,0.85389817,0.7700045,0.809,0.792
363,video6466.webm,0.85389817,0.7700045,0.8290000000000001,0.667
364,video6467.webm,0.86780185,0.7830912,0.925,0.643
365,video6470.webm,0.8663222,0.78166443,0.9079999999999999,0.9229999999999999
366,video6473.webm,0.85901105,0.7747592,0.8029999999999999,0.778
367,video6474.webm,0.8640205,0.77946126,0.937,0.889
368,video6475.webm,0.85389817,0.7700045,0.664,0.636
369,video6476.webm,0.8639835,0.7794263,0.8859999999999999,0.6
370,video6477.webm,0.85389817,0.7700045,0.955,0.9
371,video6478.webm,0.85389817,0.7700045,0.865,1.0
372,video6479.webm,0.86739814,0.78269947,0.8420000000000001,0.818
373,video6480.webm,0.85389817,0.7700045,0.953,0.769
374,video6481.webm,0.85389817,0.7700045,0.8909999999999999,0.727
375,video6483.webm,0.85389817,0.7700045,0.953,0.6
376,video6484.webm,0.87166023,0.78685665,0.9490000000000001,0.7859999999999999
377,video6485.webm,0.85389817,0.7700045,0.925,0.545
378,video6486.webm,0.85901105,0.7747592,0.9229999999999999,1.0
379,video6488.webm,0.86394995,0.7793945,0.89,0.625
380,video6489.webm,0.85389817,0.7700045,0.865,0.727
381,video6491.webm,0.85389817,0.7700045,0.89,1.0
382,video6492.webm,0.8582109,0.77401483,0.922,0.778
383,video6493.webm,0.86399436,0.77943623,0.838,1.0
384,video6494.webm,0.85389817,0.7700045,0.809,0.778
385,video6496.webm,0.8673972,0.7826983,0.715,0.545
386,video6498.webm,0.85389817,0.7700045,0.924,0.818
387,video6499.webm,0.8663222,0.78166443,0.95,0.833
388,video6501.webm,0.860119,0.7757921,0.87,0.8
389,video6502.webm,0.85389817,0.7700045,0.898,0.9
390,video6503.webm,0.8655112,0.7808839,0.773,0.882
391,video6504.webm,0.85389817,0.7700045,0.8390000000000001,0.833
392,video6505.webm,0.85389817,0.7700045,0.833,0.667
393,video6506.webm,0.8656152,0.7809841,0.8320000000000001,0.529
394,video6507.webm,0.86592555,0.78128254,0.955,1.0
395,video6508.webm,0.8639281,0.7793744,0.951,0.9
396,video6509.webm,0.85389817,0.7700045,0.752,0.7
397,video6510.webm,0.85389817,0.7700045,0.863,0.8240000000000001
398,video6512.webm,0.85389817,0.7700045,0.893,0.818
399,video6515.webm,0.85901105,0.7747592,0.95,0.833
400,video6516.webm,0.8597026,0.7754024,0.882,1.0
401,video6517.webm,0.8639835,0.7794263,0.917,0.769
402,video6518.webm,0.8639835,0.7794263,0.8059999999999999,0.857
403,video6519.webm,0.8640205,0.77946126,0.743,0.5
404,video6521.webm,0.8639835,0.7794263,0.804,0.737
405,video6523.webm,0.85389817,0.7700045,0.865,0.8
406,video6524.webm,0.85389817,0.7700045,0.915,0.778
407,video6525.webm,0.85389817,0.7700045,0.922,0.6
408,video6526.webm,0.85389817,0.7700045,0.7340000000000001,0.583
409,video6527.webm,0.85389817,0.7700045,0.927,0.778
410,video6528.webm,0.85389817,0.7700045,0.804,0.8
411,video6530.webm,0.85389817,0.7700045,0.8490000000000001,0.75
412,video6531.webm,0.8699926,0.78522146,0.867,0.733
413,video6532.webm,0.85901105,0.7747592,0.8390000000000001,0.8
414,video6533.webm,0.86927795,0.784523,0.8340000000000001,0.6920000000000001
415,video6534.webm,0.85389817,0.7700045,0.772,0.727
416,video6535.webm,0.85389817,0.7700045,0.9570000000000001,0.917
417,video6536.webm,0.8645871,0.77999616,0.8809999999999999,0.5710000000000001
418,video6537.webm,0.85389817,0.7700045,0.9229999999999999,0.6
419,video6538.webm,0.85389817,0.7700045,0.737,0.9329999999999999
420,video6539.webm,0.85389817,0.7700045,0.982,1.0
421,video6540.webm,0.8678781,0.7831645,0.865,0.917
422,video6541.webm,0.8659243,0.7812813,0.927,0.909
423,video6542.webm,0.85389817,0.7700045,0.927,0.867
424,video6543.webm,0.8640611,0.77949977,0.953,0.9329999999999999
425,video6544.webm,0.8672573,0.7825682,0.7979999999999999,0.667
426,video6545.webm,0.8640205,0.77946126,0.95,0.8
427,video6546.webm,0.86737275,0.7826742,0.897,0.818
428,video6547.webm,0.8639835,0.7794263,0.7979999999999999,0.905
429,video6550.webm,0.85389817,0.7700045,0.8440000000000001,0.5
430,video6551.webm,0.85389817,0.7700045,0.835,0.7859999999999999
431,video6552.webm,0.86409557,0.7795322,0.9229999999999999,0.818
432,video6554.webm,0.85901105,0.7747592,0.8290000000000001,0.9
433,video6555.webm,0.868976,0.7842325,0.887,0.9
434,video6556.webm,0.8639866,0.7794298,0.862,0.9
435,video6557.webm,0.8639835,0.7794263,0.937,0.909
436,video6558.webm,0.8635379,0.7790071,0.894,0.7
437,video6559.webm,0.85389817,0.7700045,0.953,0.8
438,video6560.webm,0.85389817,0.7700045,0.843,0.652
439,video6561.webm,0.8639835,0.7794263,0.893,0.9329999999999999
440,video6562.webm,0.85389817,0.7700045,0.7979999999999999,0.7140000000000001
441,video6563.webm,0.85389817,0.7700045,0.9259999999999999,0.909
442,video6564.webm,0.85389817,0.7700045,0.92,0.556
443,video6565.webm,0.85389817,0.7700045,0.6709999999999999,0.7140000000000001
444,video6566.webm,0.8639835,0.7794263,0.8420000000000001,0.5
445,video6567.webm,0.85389817,0.7700045,0.818,0.5379999999999999
446,video6568.webm,0.86445665,0.7798729,0.892,0.706
447,video6569.webm,0.8638911,0.77933943,0.867,0.727
448,video6570.webm,0.85389817,0.7700045,0.925,0.846
449,video6572.webm,0.8639835,0.7794263,0.9229999999999999,0.769
450,video6573.webm,0.87018216,0.78540623,0.9840000000000001,0.727
451,video6574.webm,0.85389817,0.7700045,0.925,1.0
452,video6576.webm,0.86730313,0.7826078,0.866,0.5
453,video6577.webm,0.867142,0.782451,0.713,0.364
454,video6578.webm,0.85389817,0.7700045,0.826,0.846
455,video6579.webm,0.86737275,0.7826742,0.752,0.8420000000000001
456,video6581.webm,0.8639835,0.7794263,0.8340000000000001,0.6920000000000001
457,video6582.webm,0.85389817,0.7700045,0.897,0.8240000000000001
458,video6583.webm,0.8674098,0.7827105,0.91,1.0
459,video6584.webm,0.85389817,0.7700045,0.927,0.7859999999999999
460,video6585.webm,0.85389817,0.7700045,0.953,0.667
461,video6586.webm,0.8663222,0.78166443,0.863,0.8
462,video6587.webm,0.85389817,0.7700045,0.858,0.75
463,video6588.webm,0.85389817,0.7700045,0.8370000000000001,0.8
464,video6589.webm,0.85389817,0.7700045,0.866,0.9
465,video6590.webm,0.8678732,0.78316355,0.895,0.778
466,video6591.webm,0.8638911,0.77933943,0.777,0.8
467,video6592.webm,0.85845804,0.7742454,0.626,0.4
468,video6593.webm,0.8697624,0.78499556,0.727,0.462
469,video6594.webm,0.85389817,0.7700045,0.89,1.0
470,video6595.webm,0.8639835,0.7794263,0.955,0.833
471,video6596.webm,0.8639835,0.7794263,0.894,0.75
472,video6598.webm,0.86729944,0.7826036,0.8340000000000001,0.636
473,video6599.webm,0.8639835,0.7794263,0.8640000000000001,0.8
474,video6600.webm,0.8639835,0.7794263,0.81,0.5710000000000001
475,video6601.webm,0.85389817,0.7700045,0.8029999999999999,0.9
476,video6602.webm,0.85389817,0.7700045,0.838,0.545
477,video6604.webm,0.86569047,0.78105605,0.8859999999999999,0.75
478,video6607.webm,0.86408496,0.77952254,0.925,0.625
479,video6608.webm,0.85389817,0.7700045,0.654,0.313
480,video6609.webm,0.86579514,0.7811568,0.8690000000000001,0.667
481,video6610.webm,0.8640205,0.77946126,0.865,0.8
482,video6611.webm,0.85901105,0.7747592,0.867,0.8
483,video6613.webm,0.85389817,0.7700045,0.8009999999999999,0.769
484,video6616.webm,0.85389817,0.7700045,0.86,1.0
485,video6617.webm,0.85845804,0.7742454,0.8320000000000001,0.615
486,video6618.webm,0.8639835,0.7794263,0.927,0.7140000000000001
487,video6619.webm,0.8655493,0.7809199,0.8340000000000001,0.857
488,video6621.webm,0.8679253,0.78321385,0.8009999999999999,0.7
489,video6622.webm,0.8639816,0.7794249,0.8640000000000001,0.75
490,video6623.webm,0.8639835,0.7794263,0.893,0.833
491,video6624.webm,0.86714697,0.7824564,0.8909999999999999,1.0
492,video6625.webm,0.85389817,0.7700045,0.922,0.867
493,video6626.webm,0.85389817,0.7700045,0.833,0.33299999999999996
494,video6627.webm,0.85389817,0.7700045,0.897,0.889
495,video6628.webm,0.85389817,0.7700045,0.833,0.909
496,video6629.webm,0.85389817,0.7700045,0.8340000000000001,0.929
497,video6630.webm,0.86924696,0.784493,0.955,0.857
498,video6632.webm,0.8639835,0.7794263,0.884,0.9
499,video6633.webm,0.85389817,0.7700045,0.804,0.727
500,video6634.webm,0.85389817,0.7700045,0.743,0.727
501,video6635.webm,0.85901105,0.7747592,0.8059999999999999,0.9229999999999999
502,video6637.webm,0.85389817,0.7700045,0.865,0.7859999999999999
503,video6639.webm,0.86805224,0.78333324,0.645,0.8
504,video6640.webm,0.863947,0.7793922,0.922,0.917
505,video6641.webm,0.8639835,0.7794263,0.9520000000000001,0.9
506,video6643.webm,0.86397696,0.77942,0.873,0.7
507,video6645.webm,0.8638953,0.779344,0.6920000000000001,0.667
508,video6646.webm,0.86799824,0.78328085,0.841,0.5710000000000001
509,video6647.webm,0.8640211,0.7794621,0.747,0.75
510,video6648.webm,0.85389817,0.7700045,0.92,0.846
511,video6649.webm,0.85389817,0.7700045,0.981,0.6920000000000001
512,video6650.webm,0.867142,0.782451,0.865,0.833
513,video6651.webm,0.8582109,0.77401483,0.9259999999999999,1.0
514,video6652.webm,0.85389817,0.7700045,0.813,0.4
515,video6654.webm,0.85389817,0.7700045,0.865,0.765
516,video6655.webm,0.86640316,0.7817421,0.924,0.762
517,video6656.webm,0.8658709,0.78123015,0.772,0.636
518,video6658.webm,0.871614,0.78681093,0.909,0.792
519,video6659.webm,0.8656189,0.7809875,0.948,0.9
520,video6660.webm,0.85389817,0.7700045,0.858,0.833
521,video6661.webm,0.85389817,0.7700045,0.885,0.5710000000000001
522,video6662.webm,0.85389817,0.7700045,0.894,0.7140000000000001
523,video6663.webm,0.85389817,0.7700045,0.893,0.5
524,video6664.webm,0.86739933,0.7827008,0.857,0.6
525,video6667.webm,0.86737275,0.7826742,0.7440000000000001,0.5379999999999999
526,video6668.webm,0.85389817,0.7700045,0.862,0.917
527,video6669.webm,0.871418,0.7866173,0.951,0.8
528,video6670.webm,0.85389817,0.7700045,0.659,0.8
529,video6671.webm,0.8639835,0.7794263,0.8540000000000001,0.778
530,video6672.webm,0.85389817,0.7700045,0.8079999999999999,0.583
531,video6673.webm,0.8639835,0.7794263,0.892,1.0
532,video6674.webm,0.8639835,0.7794263,0.893,0.727
533,video6675.webm,0.8582109,0.77401483,0.774,0.917
534,video6676.webm,0.8597026,0.7754024,0.774,0.909
535,video6677.webm,0.85389817,0.7700045,0.92,0.857
536,video6678.webm,0.85901105,0.7747592,0.956,0.667
537,video6680.webm,0.85901105,0.7747592,0.747,0.75
538,video6681.webm,0.85389817,0.7700045,0.86,0.9
539,video6682.webm,0.85389817,0.7700045,0.872,0.765
540,video6683.webm,0.86928797,0.784533,0.885,0.9229999999999999
541,video6684.webm,0.8643373,0.7797605,0.755,0.818
542,video6686.webm,0.85389817,0.7700045,0.92,0.857
543,video6687.webm,0.8639835,0.7794263,0.7440000000000001,0.545
544,video6688.webm,0.85901105,0.7747592,0.981,0.909
545,video6689.webm,0.8621986,0.777742,0.8109999999999999,0.833
546,video6690.webm,0.85389817,0.7700045,0.9229999999999999,0.7
547,video6691.webm,0.85389817,0.7700045,0.956,0.545
548,video6692.webm,0.8582109,0.77401483,0.9540000000000001,0.909
549,video6694.webm,0.86433446,0.7797574,0.7809999999999999,0.632
550,video6695.webm,0.86349905,0.77897006,0.89,0.6
551,video6696.webm,0.86372817,0.77918565,0.897,0.8
552,video6699.webm,0.8639835,0.7794263,0.857,0.7
553,video6700.webm,0.86349905,0.77897006,0.802,0.583
554,video6702.webm,0.85389817,0.7700045,0.9209999999999999,0.846
555,video6703.webm,0.8639835,0.7794263,0.8640000000000001,0.929
556,video6704.webm,0.85389817,0.7700045,0.809,0.9
557,video6706.webm,0.8639866,0.7794298,0.9520000000000001,0.882
558,video6707.webm,0.86403173,0.7794717,0.953,0.818
559,video6708.webm,0.8657036,0.78106844,0.826,0.5
560,video6710.webm,0.8640205,0.77946126,0.9840000000000001,0.727
561,video6711.webm,0.8639835,0.7794263,0.865,0.909
562,video6712.webm,0.85389817,0.7700045,0.8909999999999999,0.727
563,video6713.webm,0.8679253,0.78321385,0.8390000000000001,0.5
564,video6714.webm,0.8598623,0.775553,0.8959999999999999,0.818
565,video6716.webm,0.85389817,0.7700045,0.858,0.857
566,video6717.webm,0.8639835,0.7794263,0.8640000000000001,0.6
567,video6718.webm,0.85389817,0.7700045,0.78,0.5
568,video6719.webm,0.85389817,0.7700045,0.9179999999999999,0.909
569,video6721.webm,0.8597026,0.7754024,0.863,0.7859999999999999
570,video6722.webm,0.86998355,0.7852131,0.792,0.667
571,video6725.webm,0.85389817,0.7700045,0.953,0.917
572,video6726.webm,0.85389817,0.7700045,0.86,0.857
573,video6727.webm,0.8640205,0.77946126,0.8220000000000001,0.667
574,video6728.webm,0.86943424,0.78467584,0.779,0.5
575,video6730.webm,0.8673023,0.78260666,0.925,0.909
576,video6731.webm,0.85389817,0.7700045,0.924,0.7
577,video6733.webm,0.8639835,0.7794263,0.892,0.9229999999999999
578,video6734.webm,0.8598623,0.775553,0.866,1.0
579,video6735.webm,0.8696153,0.7848537,0.919,0.9
580,video6736.webm,0.8639835,0.7794263,0.897,0.833
581,video6737.webm,0.85389817,0.7700045,0.935,0.8
582,video6740.webm,0.85901105,0.7747592,0.782,0.667
583,video6741.webm,0.85389817,0.7700045,0.894,1.0
584,video6742.webm,0.85389817,0.7700045,0.982,0.8
585,video6743.webm,0.85389817,0.7700045,0.862,0.818
586,video6745.webm,0.85389817,0.7700045,0.738,0.455
587,video6746.webm,0.85389817,0.7700045,0.9520000000000001,0.81
588,video6747.webm,0.86593485,0.78129137,0.774,0.9
589,video6748.webm,0.8582109,0.77401483,0.958,0.8
590,video6749.webm,0.86447585,0.77989113,0.868,0.9
591,video6751.webm,0.85389817,0.7700045,0.893,0.818
592,video6752.webm,0.8692424,0.7844894,0.894,0.818
593,video6753.webm,0.86408496,0.77952254,0.831,0.909
594,video6754.webm,0.8639835,0.7794263,0.892,0.9
595,video6755.webm,0.8639835,0.7794263,0.691,0.9229999999999999
596,video6756.webm,0.86668086,0.7820113,0.638,0.6
597,video6757.webm,0.8639835,0.7794263,0.925,0.727
598,video6759.webm,0.8582109,0.77401483,0.773,0.6920000000000001
599,video6760.webm,0.86349905,0.77897006,0.745,0.727
600,video6762.webm,0.85389817,0.7700045,0.8590000000000001,0.7859999999999999
601,video6763.webm,0.8669247,0.7822459,0.9229999999999999,0.818
602,video6764.webm,0.85389817,0.7700045,0.672,0.7859999999999999
603,video6765.webm,0.86729944,0.7826036,0.96,0.667
604,video6766.webm,0.85389817,0.7700045,0.893,0.8
605,video6767.webm,0.85389817,0.7700045,0.9640000000000001,0.9
606,video6769.webm,0.85389817,0.7700045,0.982,0.818
607,video6771.webm,0.8655828,0.78095245,0.9570000000000001,0.769
608,video6772.webm,0.8639835,0.7794263,0.8640000000000001,0.667
609,video6773.webm,0.85389817,0.7700045,0.9570000000000001,0.909
610,video6776.webm,0.85389817,0.7700045,0.948,0.9470000000000001
611,video6777.webm,0.8640205,0.77946126,0.802,0.615
612,video6779.webm,0.85389817,0.7700045,0.867,0.8
613,video6780.webm,0.85845804,0.7742454,0.865,0.909
614,video6781.webm,0.85389817,0.7700045,0.799,0.8
615,video6782.webm,0.8565525,0.77246547,0.9229999999999999,0.667
616,video6783.webm,0.864442,0.77985924,0.953,0.75
617,video6784.webm,0.85389817,0.7700045,0.8640000000000001,0.6
618,video6785.webm,0.8656189,0.7809875,0.865,0.8240000000000001
619,video6786.webm,0.86189973,0.77746,0.9540000000000001,0.7
620,video6788.webm,0.86554813,0.78091955,0.897,0.875
621,video6789.webm,0.85389817,0.7700045,0.925,0.917
622,video6790.webm,0.86642367,0.781762,0.693,0.556
623,video6791.webm,0.85389817,0.7700045,0.8370000000000001,0.8
624,video6792.webm,0.85389817,0.7700045,0.915,0.7829999999999999
625,video6793.webm,0.85389817,0.7700045,0.82,0.636
626,video6794.webm,0.86739933,0.7827008,0.96,0.929
627,video6795.webm,0.8639835,0.7794263,0.98,0.917
628,video6796.webm,0.85845804,0.7742454,0.889,0.938
629,video6797.webm,0.8635033,0.77897465,0.951,0.5379999999999999
630,video6798.webm,0.85389817,0.7700045,0.917,0.833
631,video6799.webm,0.8663222,0.78166443,0.753,0.778
632,video6800.webm,0.869301,0.78454614,0.86,0.9
633,video6801.webm,0.8635362,0.77900517,0.838,0.5
634,video6802.webm,0.8640205,0.77946126,0.8059999999999999,0.867
635,video6803.webm,0.85389817,0.7700045,0.924,0.636
636,video6804.webm,0.8639866,0.7794298,0.8009999999999999,0.5
637,video6806.webm,0.8643373,0.7797605,0.7959999999999999,0.8
638,video6807.webm,0.8655493,0.7809199,0.804,0.773
639,video6808.webm,0.85389817,0.7700045,0.866,0.647
640,video6809.webm,0.86429274,0.77971816,0.8640000000000001,0.6920000000000001
641,video6810.webm,0.85389817,0.7700045,0.8290000000000001,0.8
642,video6811.webm,0.8638911,0.77933943,0.867,1.0
643,video6812.webm,0.8672458,0.7825518,0.893,0.882
644,video6813.webm,0.85389817,0.7700045,0.836,0.889
645,video6814.webm,0.85389817,0.7700045,0.674,0.667
646,video6815.webm,0.86399436,0.77943623,0.9309999999999999,0.8
647,video6816.webm,0.85389817,0.7700045,0.7559999999999999,0.727
648,video6817.webm,0.86216486,0.7777101,0.8290000000000001,0.727
649,video6819.webm,0.85389817,0.7700045,0.955,0.7
650,video6820.webm,0.8639866,0.7794298,0.682,0.545
651,video6822.webm,0.85389817,0.7700045,0.858,0.813
652,video6823.webm,0.8673939,0.7826953,0.836,0.8
653,video6825.webm,0.8639866,0.7794298,0.81,0.846
654,video6826.webm,0.85389817,0.7700045,0.922,0.632
655,video6828.webm,0.85389817,0.7700045,0.898,0.7
656,video6829.webm,0.85389817,0.7700045,0.871,0.6
657,video6830.webm,0.86403173,0.7794717,0.9359999999999999,1.0
658,video6831.webm,0.8639816,0.7794249,0.693,1.0
659,video6832.webm,0.85389817,0.7700045,0.833,0.6920000000000001
660,video6833.webm,0.85389817,0.7700045,0.895,0.667
661,video6834.webm,0.85389817,0.7700045,0.9359999999999999,0.7
662,video6836.webm,0.85389817,0.7700045,0.892,0.8
663,video6839.webm,0.8716574,0.7868539,0.7809999999999999,0.444
664,video6841.webm,0.85901105,0.7747592,0.8959999999999999,1.0
665,video6842.webm,0.85389817,0.7700045,0.899,0.778
666,video6844.webm,0.8642485,0.7796763,0.953,0.75
667,video6845.webm,0.8639835,0.7794263,0.657,0.769
668,video6846.webm,0.85389817,0.7700045,0.726,0.75
669,video6847.webm,0.85389817,0.7700045,0.9229999999999999,0.8
670,video6849.webm,0.86741054,0.7827113,0.893,0.889
671,video6850.webm,0.8639866,0.7794298,0.742,0.727
672,video6851.webm,0.8639835,0.7794263,0.862,0.846
673,video6852.webm,0.85901105,0.7747592,0.893,0.75
674,video6853.webm,0.8639835,0.7794263,0.8959999999999999,0.636
675,video6854.webm,0.85901105,0.7747592,0.888,0.8
676,video6856.webm,0.8676872,0.78297937,0.667,0.875
677,video6858.webm,0.86561674,0.7809856,0.802,0.667
678,video6859.webm,0.86730313,0.7826078,0.898,0.875
679,video6860.webm,0.85389817,0.7700045,0.889,0.8
680,video6861.webm,0.85845804,0.7742454,0.831,0.9229999999999999
681,video6862.webm,0.85389817,0.7700045,0.753,1.0
682,video6863.webm,0.8582109,0.77401483,0.775,0.818
683,video6864.webm,0.85389817,0.7700045,0.868,0.615
684,video6865.webm,0.85389817,0.7700045,0.7170000000000001,0.818
685,video6866.webm,0.85389817,0.7700045,0.721,0.563
686,video6869.webm,0.86961746,0.7848545,0.858,0.882
687,video6870.webm,0.8659243,0.7812813,0.862,0.5710000000000001
688,video6871.webm,0.85389817,0.7700045,0.868,1.0
689,video6872.webm,0.8680489,0.78333026,0.919,0.667
690,video6873.webm,0.85389817,0.7700045,0.785,0.9
691,video6875.webm,0.86942136,0.78466344,0.721,0.727
692,video6876.webm,0.8656152,0.7809841,0.8390000000000001,0.8
693,video6877.webm,0.86409557,0.7795322,0.615,0.615
694,video6878.webm,0.85389817,0.7700045,0.953,0.9229999999999999
695,video6879.webm,0.86739296,0.78269434,0.8640000000000001,0.6
696,video6880.webm,0.8582109,0.77401483,0.867,0.733
697,video6882.webm,0.85389817,0.7700045,0.846,0.55
698,video6883.webm,0.85389817,0.7700045,0.924,0.647
699,video6885.webm,0.85389817,0.7700045,0.9359999999999999,0.75
700,video6886.webm,0.8639835,0.7794263,0.897,0.75
701,video6887.webm,0.8640001,0.77944297,0.9490000000000001,0.9
702,video6888.webm,0.8679253,0.78321385,0.866,1.0
703,video6889.webm,0.866695,0.78202474,0.87,1.0
704,video6890.webm,0.86349905,0.77897006,0.8640000000000001,0.455
705,video6891.webm,0.85389817,0.7700045,0.8590000000000001,0.667
706,video6893.webm,0.86769724,0.7829896,0.809,0.667
707,video6894.webm,0.86730134,0.78260624,0.982,0.889
708,video6895.webm,0.86399436,0.77943623,0.887,1.0
709,video6896.webm,0.8663222,0.78166443,0.805,0.9
710,video6897.webm,0.8689753,0.7842318,0.898,0.5710000000000001
711,video6898.webm,0.86737275,0.7826742,0.951,0.846
712,video6899.webm,0.8663222,0.78166443,0.7,0.545
713,video6900.webm,0.85389817,0.7700045,0.9179999999999999,0.818
714,video6901.webm,0.8639298,0.7793764,0.866,1.0
715,video6903.webm,0.8565525,0.77246547,0.877,0.556
716,video6904.webm,0.8582109,0.77401483,0.9209999999999999,0.769
717,video6905.webm,0.86976194,0.7849946,0.8420000000000001,0.7
718,video6907.webm,0.8639835,0.7794263,0.628,0.75
719,video6908.webm,0.85389817,0.7700045,0.847,0.889
720,video6909.webm,0.85389817,0.7700045,0.8540000000000001,0.9229999999999999
721,video6910.webm,0.85389817,0.7700045,0.9440000000000001,1.0
722,video6911.webm,0.8640205,0.77946126,0.7140000000000001,0.846
723,video6912.webm,0.8582109,0.77401483,0.7909999999999999,0.7
724,video6913.webm,0.8639835,0.7794263,0.7490000000000001,0.636
725,video6914.webm,0.85389817,0.7700045,0.8959999999999999,1.0
726,video6915.webm,0.8639835,0.7794263,0.943,0.75
727,video6917.webm,0.85389817,0.7700045,0.8959999999999999,0.636
728,video6918.webm,0.85845804,0.7742454,0.9840000000000001,0.8
729,video6919.webm,0.85389817,0.7700045,0.861,0.583
730,video6920.webm,0.86737275,0.7826742,0.9209999999999999,0.615
731,video6921.webm,0.85389817,0.7700045,0.867,0.875
732,video6922.webm,0.8663932,0.78173256,0.953,1.0
733,video6923.webm,0.860119,0.7757921,0.95,1.0
734,video6924.webm,0.85389817,0.7700045,0.862,0.9229999999999999
735,video6925.webm,0.8639835,0.7794263,0.863,0.8
736,video6926.webm,0.865518,0.7808907,0.955,0.636
737,video6927.webm,0.8639835,0.7794263,0.953,0.769
738,video6928.webm,0.858778,0.77454245,0.865,0.636
739,video6929.webm,0.85389817,0.7700045,0.866,0.643
740,video6931.webm,0.8690449,0.78429925,0.9259999999999999,0.889
741,video6932.webm,0.86907846,0.7843289,0.927,0.9229999999999999
742,video6933.webm,0.85389817,0.7700045,0.865,0.75
743,video6934.webm,0.85389817,0.7700045,0.924,0.818
744,video6935.webm,0.85389817,0.7700045,0.8440000000000001,0.667
745,video6936.webm,0.8639835,0.7794263,0.867,0.625
746,video6937.webm,0.8715522,0.78674936,0.895,0.833
747,video6939.webm,0.8659243,0.7812813,0.879,0.9229999999999999
748,video6940.webm,0.85389817,0.7700045,0.937,0.765
749,video6941.webm,0.85389817,0.7700045,0.9209999999999999,0.75
750,video6942.webm,0.8642323,0.7796612,0.84,0.8
751,video6945.webm,0.85389817,0.7700045,0.8340000000000001,0.5
752,video6946.webm,0.85901105,0.7747592,0.898,0.909
753,video6947.webm,0.8565525,0.77246547,0.892,0.667
754,video6948.webm,0.85389817,0.7700045,0.866,1.0
755,video6949.webm,0.8639835,0.7794263,0.919,0.7140000000000001
756,video6950.webm,0.8639835,0.7794263,0.951,0.846
757,video6951.webm,0.85389817,0.7700045,0.982,1.0
758,video6952.webm,0.87166786,0.7868644,0.6859999999999999,0.52
759,video6953.webm,0.86450803,0.7799212,0.84,0.7
760,video6954.webm,0.85389817,0.7700045,0.9520000000000001,0.882
761,video6955.webm,0.85389817,0.7700045,0.922,0.667
762,video6956.webm,0.85389817,0.7700045,0.8959999999999999,0.8
763,video6958.webm,0.85389817,0.7700045,0.8490000000000001,0.556
764,video6959.webm,0.85389817,0.7700045,0.863,1.0
765,video6960.webm,0.8638911,0.77933943,0.866,0.643
766,video6961.webm,0.8640205,0.77946126,0.5770000000000001,0.4
767,video6962.webm,0.8639835,0.7794263,0.9229999999999999,0.688
768,video6964.webm,0.8639835,0.7794263,0.833,0.667
769,video6965.webm,0.85389817,0.7700045,0.74,0.727
770,video6966.webm,0.8651001,0.78048944,0.95,0.7140000000000001
771,video6968.webm,0.8638911,0.77933943,0.985,0.905
772,video6970.webm,0.86399436,0.77943623,0.843,0.615
773,video6973.webm,0.85389817,0.7700045,0.925,0.667
774,video6974.webm,0.85389817,0.7700045,0.8340000000000001,0.929
775,video6975.webm,0.85389817,0.7700045,0.794,0.7140000000000001
776,video6976.webm,0.85389817,0.7700045,0.828,0.615
777,video6977.webm,0.8639835,0.7794263,0.888,0.8
778,video6978.webm,0.85389817,0.7700045,0.977,0.7
779,video6979.webm,0.86737275,0.7826742,0.8909999999999999,0.8
780,video6981.webm,0.8638911,0.77933943,0.9590000000000001,0.7
781,video6983.webm,0.85901105,0.7747592,0.8340000000000001,0.9
782,video6984.webm,0.86732054,0.78262377,0.86,0.909
783,video6985.webm,0.85389817,0.7700045,0.6829999999999999,0.545
784,video6988.webm,0.8640205,0.77946126,0.7659999999999999,0.75
785,video6989.webm,0.8639835,0.7794263,0.8959999999999999,0.5710000000000001
786,video6990.webm,0.85389817,0.7700045,0.894,0.8
787,video6991.webm,0.85389817,0.7700045,0.868,1.0
788,video6992.webm,0.86732054,0.78262377,0.8320000000000001,0.917
789,video6993.webm,0.8673944,0.7826953,0.8079999999999999,0.9229999999999999
790,video6994.webm,0.86349905,0.77897006,0.8320000000000001,0.8
791,video6996.webm,0.8662691,0.78161347,0.831,0.778
792,video6998.webm,0.86349905,0.77897006,0.794,0.5
793,video6999.webm,0.8640205,0.77946126,0.745,0.9
794,video7001.webm,0.85389817,0.7700045,0.6920000000000001,0.643
795,video7002.webm,0.85389817,0.7700045,0.9840000000000001,0.9
796,video7003.webm,0.8676611,0.78295434,0.7979999999999999,0.733
797,video7004.webm,0.85389817,0.7700045,0.863,0.917
798,video7005.webm,0.85389817,0.7700045,0.863,0.556
799,video7006.webm,0.8697103,0.78494453,0.841,0.773
800,video7007.webm,0.85389817,0.7700045,0.866,0.636
801,video7008.webm,0.858778,0.77454245,0.895,0.9229999999999999
802,video7009.webm,0.85901105,0.7747592,0.7979999999999999,0.75
803,video7010.webm,0.86399436,0.77943623,0.835,0.852
804,video7011.webm,0.85389817,0.7700045,0.867,1.0
805,video7012.webm,0.87155867,0.7867557,0.8320000000000001,0.7
806,video7013.webm,0.85389817,0.7700045,0.889,0.9229999999999999
807,video7015.webm,0.8677329,0.78302765,0.9229999999999999,1.0
808,video7016.webm,0.8673972,0.7826983,0.838,0.7390000000000001
809,video7017.webm,0.8582109,0.77401483,0.794,0.7859999999999999
810,video7018.webm,0.86739933,0.7827008,0.8390000000000001,0.909
811,video7021.webm,0.85389817,0.7700045,0.8640000000000001,0.889
812,video7022.webm,0.85389817,0.7700045,0.953,0.889
813,video7023.webm,0.86640275,0.7817419,0.6940000000000001,0.818
814,video7024.webm,0.8582109,0.77401483,0.982,0.917
815,video7025.webm,0.85389817,0.7700045,0.8590000000000001,0.688
816,video7026.webm,0.8692646,0.7845097,0.746,0.727
817,video7027.webm,0.8582109,0.77401483,0.8909999999999999,0.833
818,video7028.webm,0.8639866,0.7794298,0.9540000000000001,1.0
819,video7029.webm,0.85389817,0.7700045,0.9259999999999999,0.7
820,video7030.webm,0.85389817,0.7700045,0.8190000000000001,0.882
821,video7031.webm,0.85389817,0.7700045,0.924,0.909
822,video7033.webm,0.8639866,0.7794298,0.953,0.909
823,video7034.webm,0.85389817,0.7700045,0.83,0.769
824,video7037.webm,0.8638911,0.77933943,0.6970000000000001,0.7390000000000001
825,video7038.webm,0.86403173,0.7794717,0.736,0.7
826,video7040.webm,0.8693918,0.78463686,0.888,0.7
827,video7041.webm,0.8621159,0.77766323,0.92,0.769
828,video7042.webm,0.86592555,0.78128254,0.787,0.833
829,video7043.webm,0.85389817,0.7700045,0.919,0.875
830,video7044.webm,0.8639835,0.7794263,0.6829999999999999,0.9
831,video7045.webm,0.864728,0.78012955,0.883,0.8
832,video7046.webm,0.8639835,0.7794263,0.9259999999999999,0.8
833,video7047.webm,0.86739624,0.78269786,0.953,0.7859999999999999
834,video7048.webm,0.85389817,0.7700045,0.863,0.9
835,video7050.webm,0.86394995,0.7793945,0.835,0.789
836,video7051.webm,0.85389817,0.7700045,0.722,0.667
837,video7052.webm,0.8639835,0.7794263,0.713,0.5
838,video7056.webm,0.8597026,0.7754024,0.7759999999999999,0.9
839,video7057.webm,0.85389817,0.7700045,0.9109999999999999,0.8
840,video7058.webm,0.8597026,0.7754024,0.9640000000000001,0.8240000000000001
841,video7059.webm,0.85389817,0.7700045,0.919,0.773
842,video7060.webm,0.8639835,0.7794263,0.92,0.9
843,video7061.webm,0.85389817,0.7700045,0.662,0.667
844,video7063.webm,0.8663222,0.78166443,0.889,1.0
845,video7064.webm,0.8639835,0.7794263,0.684,0.5
846,video7065.webm,0.85389817,0.7700045,0.8640000000000001,0.846
847,video7066.webm,0.8582109,0.77401483,0.8690000000000001,0.6920000000000001
848,video7067.webm,0.85389817,0.7700045,0.8340000000000001,0.8
849,video7069.webm,0.8639835,0.7794263,0.7809999999999999,0.909
850,video7070.webm,0.85389817,0.7700045,0.833,0.7859999999999999
851,video7071.webm,0.85389817,0.7700045,0.8029999999999999,0.7
852,video7072.webm,0.8582109,0.77401483,0.894,0.75
853,video7073.webm,0.85389817,0.7700045,0.877,0.833
854,video7074.webm,0.8639835,0.7794263,0.892,0.7140000000000001
855,video7077.webm,0.85389817,0.7700045,0.9229999999999999,0.727
856,video7078.webm,0.8639835,0.7794263,0.862,0.6920000000000001
857,video7079.webm,0.8673023,0.78260666,0.809,1.0
858,video7080.webm,0.85901105,0.7747592,0.778,0.909
859,video7081.webm,0.8639835,0.7794263,0.9229999999999999,0.846
860,video7082.webm,0.85389817,0.7700045,0.9490000000000001,1.0
861,video7083.webm,0.85389817,0.7700045,0.775,0.7
862,video7084.webm,0.85389817,0.7700045,0.708,0.7
863,video7085.webm,0.86399436,0.77943623,0.861,0.5710000000000001
864,video7086.webm,0.85389817,0.7700045,0.89,0.9229999999999999
865,video7087.webm,0.8598623,0.775553,0.861,0.909
866,video7088.webm,0.8639816,0.7794249,0.893,0.9329999999999999
867,video7089.webm,0.86592555,0.78128254,0.892,0.8
868,video7090.webm,0.8658709,0.78123015,0.9229999999999999,1.0
869,video7091.webm,0.85389817,0.7700045,0.953,0.765
870,video7093.webm,0.85389817,0.7700045,0.7240000000000001,0.667
871,video7094.webm,0.85389817,0.7700045,0.897,0.833
872,video7095.webm,0.85845804,0.7742454,0.7140000000000001,0.75
873,video7096.webm,0.85389817,0.7700045,0.8109999999999999,0.688
874,video7097.webm,0.86403173,0.7794717,0.635,0.909
875,video7098.webm,0.85389817,0.7700045,0.865,0.8
876,video7099.webm,0.8654777,0.78085136,0.8370000000000001,0.636
877,video7100.webm,0.86640275,0.7817419,0.7709999999999999,0.846
878,video7101.webm,0.85389817,0.7700045,0.863,0.9329999999999999
879,video7102.webm,0.8651001,0.78048944,0.9520000000000001,0.9
880,video7103.webm,0.85389817,0.7700045,0.92,0.818
881,video7104.webm,0.8679253,0.78321385,0.872,0.833
882,video7105.webm,0.85389817,0.7700045,0.867,0.769
883,video7106.webm,0.85901105,0.7747592,0.92,1.0
884,video7108.webm,0.85845804,0.7742454,0.7709999999999999,0.6920000000000001
885,video7109.webm,0.86447525,0.7798903,0.922,0.769
886,video7110.webm,0.85389817,0.7700045,0.7,0.909
887,video7112.webm,0.8657864,0.78114855,0.867,0.8640000000000001
888,video7113.webm,0.85389817,0.7700045,0.836,0.7
889,video7114.webm,0.8639866,0.7794298,0.862,0.909
890,video7115.webm,0.85389817,0.7700045,0.9840000000000001,0.941
891,video7116.webm,0.85901105,0.7747592,0.684,0.667
892,video7117.webm,0.85389817,0.7700045,0.748,0.929
893,video7118.webm,0.85389817,0.7700045,0.677,0.8
894,video7119.webm,0.86737275,0.7826742,0.899,0.8
895,video7121.webm,0.85389817,0.7700045,0.917,0.733
896,video7122.webm,0.85389817,0.7700045,0.752,1.0
897,video7125.webm,0.86737275,0.7826742,0.7509999999999999,0.667
898,video7126.webm,0.85389817,0.7700045,0.863,0.909
899,video7127.webm,0.8639835,0.7794263,0.9229999999999999,0.789
900,video7128.webm,0.8639835,0.7794263,0.752,0.818
901,video7129.webm,0.85389817,0.7700045,0.654,0.769
902,video7131.webm,0.8639835,0.7794263,0.86,0.529
903,video7132.webm,0.85389817,0.7700045,0.9259999999999999,0.8
904,video7133.webm,0.8639835,0.7794263,0.8190000000000001,0.615
905,video7134.webm,0.8582109,0.77401483,0.8340000000000001,0.769
906,video7135.webm,0.85389817,0.7700045,0.856,0.667
907,video7136.webm,0.8673723,0.78267425,0.927,1.0
908,video7138.webm,0.85389817,0.7700045,0.9229999999999999,0.9
909,video7140.webm,0.85389817,0.7700045,0.878,0.5710000000000001
910,video7141.webm,0.8582109,0.77401483,0.752,0.9
911,video7142.webm,0.86403173,0.7794717,0.877,0.833
912,video7143.webm,0.867705,0.7829969,0.983,0.8
913,video7144.webm,0.8565525,0.77246547,0.804,0.6
914,video7145.webm,0.8640001,0.77944297,0.7120000000000001,0.8
915,video7146.webm,0.85389817,0.7700045,0.861,0.727
916,video7147.webm,0.8565525,0.77246547,0.889,0.769
917,video7148.webm,0.85389817,0.7700045,0.835,0.6920000000000001
918,video7149.webm,0.85389817,0.7700045,0.9840000000000001,0.9
919,video7150.webm,0.85389817,0.7700045,0.948,0.909
920,video7151.webm,0.8654777,0.78085136,0.777,0.6
921,video7152.webm,0.867298,0.78260267,0.8640000000000001,0.778
922,video7153.webm,0.85901105,0.7747592,0.693,0.733
923,video7154.webm,0.85389817,0.7700045,0.9520000000000001,0.867
924,video7155.webm,0.8582109,0.77401483,0.7709999999999999,0.75
925,video7156.webm,0.85389817,0.7700045,0.804,0.667
926,video7157.webm,0.85901105,0.7747592,0.83,0.643
927,video7159.webm,0.85389817,0.7700045,0.8290000000000001,0.7140000000000001
928,video7160.webm,0.8690808,0.7843314,0.665,0.917
929,video7161.webm,0.85389817,0.7700045,0.8640000000000001,0.9
930,video7162.webm,0.8565525,0.77246547,0.835,0.75
931,video7163.webm,0.85389817,0.7700045,0.836,1.0
932,video7164.webm,0.8639835,0.7794263,0.966,0.8
933,video7165.webm,0.85389817,0.7700045,0.75,0.682
934,video7166.webm,0.85389817,0.7700045,0.775,0.6
935,video7167.webm,0.85389817,0.7700045,0.983,1.0
936,video7168.webm,0.85389817,0.7700045,0.953,0.5
937,video7170.webm,0.85389817,0.7700045,0.895,0.7859999999999999
938,video7172.webm,0.8640001,0.77944297,0.8959999999999999,0.846
939,video7173.webm,0.85389817,0.7700045,0.956,0.8
940,video7174.webm,0.8582109,0.77401483,0.9259999999999999,0.733
941,video7175.webm,0.8639835,0.7794263,0.737,0.727
942,video7176.webm,0.85389817,0.7700045,0.7809999999999999,0.643
943,video7177.webm,0.85389817,0.7700045,0.7390000000000001,0.8
944,video7179.webm,0.8582109,0.77401483,0.951,0.889
945,video7180.webm,0.8598623,0.775553,0.983,0.9
946,video7181.webm,0.8639835,0.7794263,0.86,0.867
947,video7183.webm,0.85389817,0.7700045,0.925,0.684
948,video7184.webm,0.8639835,0.7794263,0.9540000000000001,1.0
949,video7185.webm,0.85389817,0.7700045,0.888,0.8
950,video7188.webm,0.8639835,0.7794263,0.684,0.8
951,video7189.webm,0.867142,0.782451,0.9,0.9
952,video7191.webm,0.85389817,0.7700045,0.95,0.6
953,video7192.webm,0.85389817,0.7700045,0.8959999999999999,0.353
954,video7193.webm,0.86897296,0.78422964,0.797,1.0
955,video7194.webm,0.8663282,0.78166956,0.8909999999999999,0.9329999999999999
956,video7195.webm,0.8639835,0.7794263,0.985,0.9
957,video7196.webm,0.8639835,0.7794263,0.92,0.455
958,video7197.webm,0.85389817,0.7700045,0.9229999999999999,0.833
959,video7198.webm,0.8639835,0.7794263,0.951,0.8240000000000001
960,video7199.webm,0.85389817,0.7700045,0.802,0.5
961,video7200.webm,0.8597026,0.7754024,0.862,0.909
962,video7201.webm,0.8582109,0.77401483,0.893,1.0
963,video7202.webm,0.8582109,0.77401483,0.807,0.7859999999999999
964,video7203.webm,0.85389817,0.7700045,0.863,0.857
965,video7204.webm,0.8659243,0.7812813,0.924,0.643
966,video7205.webm,0.8565525,0.77246547,0.866,1.0
967,video7206.webm,0.8597026,0.7754024,0.894,0.909
968,video7207.webm,0.85389817,0.7700045,0.893,0.667
969,video7208.webm,0.85389817,0.7700045,0.794,0.7
970,video7209.webm,0.8639835,0.7794263,0.775,0.667
971,video7210.webm,0.85901105,0.7747592,0.7390000000000001,0.556
972,video7211.webm,0.85389817,0.7700045,0.953,0.8
973,video7213.webm,0.8582109,0.77401483,0.8290000000000001,0.583
974,video7214.webm,0.858778,0.77454245,0.892,0.9229999999999999
975,video7215.webm,0.8715658,0.78676313,0.9159999999999999,0.706
976,video7216.webm,0.86737275,0.7826742,0.9209999999999999,0.818
977,video7217.webm,0.858778,0.77454245,0.804,0.727
978,video7218.webm,0.8639866,0.7794298,0.9229999999999999,0.8
979,video7219.webm,0.86725837,0.7825693,0.825,0.667
980,video7220.webm,0.8639835,0.7794263,0.8079999999999999,0.727
981,video7221.webm,0.8598623,0.775553,0.951,0.846
982,video7222.webm,0.85389817,0.7700045,0.78,0.636
983,video7223.webm,0.8663932,0.78173256,0.955,0.929
984,video7224.webm,0.8582109,0.77401483,0.8109999999999999,0.667
985,video7225.webm,0.85901105,0.7747592,0.895,0.6
986,video7226.webm,0.85389817,0.7700045,0.953,0.9229999999999999
987,video7227.webm,0.86532617,0.7807064,0.866,0.625
988,video7229.webm,0.8656667,0.78103364,0.868,0.818
989,video7230.webm,0.85901105,0.7747592,0.895,0.615
990,video7231.webm,0.86186796,0.77743006,0.655,0.778
991,video7233.webm,0.8639835,0.7794263,0.863,0.364
992,video7235.webm,0.8655493,0.7809199,0.778,0.4
993,video7237.webm,0.85389817,0.7700045,0.7659999999999999,0.667
994,video7238.webm,0.85389817,0.7700045,0.866,1.0
995,video7239.webm,0.8639835,0.7794263,0.863,0.917
996,video7240.webm,0.85389817,0.7700045,0.893,0.667
997,video7241.webm,0.87135303,0.786553,0.9520000000000001,0.929
998,video7242.webm,0.86737275,0.7826742,0.802,0.455
999,video7243.webm,0.8565525,0.77246547,0.858,0.9329999999999999
1000,video7244.webm,0.85389817,0.7700045,0.955,0.857
1001,video7245.webm,0.86446106,0.7798774,0.835,1.0
1002,video7246.webm,0.85901105,0.7747592,0.535,0.722
1003,video7248.webm,0.85389817,0.7700045,0.9229999999999999,0.9
1004,video7249.webm,0.85389817,0.7700045,0.866,0.938
1005,video7250.webm,0.86737275,0.7826742,0.802,0.667
1006,video7251.webm,0.86770326,0.7829952,0.836,0.7
1007,video7253.webm,0.85389817,0.7700045,0.9520000000000001,0.667
1008,video7255.webm,0.8639835,0.7794263,0.8640000000000001,0.857
1009,video7256.webm,0.86394995,0.7793945,0.865,0.7
1010,video7257.webm,0.8657358,0.7810996,0.982,0.882
1011,video7258.webm,0.8716069,0.7868045,0.871,0.75
1012,video7259.webm,0.8582109,0.77401483,0.9540000000000001,0.667
1013,video7260.webm,0.8693334,0.78457975,0.945,0.455
1014,video7261.webm,0.8635362,0.77900517,0.904,0.889
1015,video7262.webm,0.85389817,0.7700045,0.6920000000000001,0.7
1016,video7263.webm,0.85389817,0.7700045,0.865,0.833
1017,video7264.webm,0.85389817,0.7700045,0.9229999999999999,1.0
1018,video7265.webm,0.85389817,0.7700045,0.723,0.818
1019,video7266.webm,0.85389817,0.7700045,0.961,0.846
1020,video7267.webm,0.85389817,0.7700045,0.956,0.727
1021,video7269.webm,0.85389817,0.7700045,0.953,0.846
1022,video7270.webm,0.8639835,0.7794263,0.95,0.9329999999999999
1023,video7271.webm,0.85389817,0.7700045,0.775,0.667
1024,video7273.webm,0.85389817,0.7700045,0.83,0.6
1025,video7274.webm,0.860119,0.7757921,0.805,0.9229999999999999
1026,video7275.webm,0.8656152,0.7809841,0.799,0.643
1027,video7276.webm,0.85389817,0.7700045,0.893,0.917
1028,video7278.webm,0.85389817,0.7700045,0.8270000000000001,0.6
1029,video7279.webm,0.86922073,0.7844673,0.9179999999999999,0.9
1030,video7281.webm,0.86433446,0.7797574,0.8590000000000001,0.6920000000000001
1031,video7283.webm,0.86635864,0.78169936,0.8909999999999999,0.895
1032,video7285.webm,0.85389817,0.7700045,0.885,1.0
1033,video7286.webm,0.85389817,0.7700045,0.826,0.6
1034,video7287.webm,0.86433446,0.7797574,0.861,0.563
1035,video7288.webm,0.85389817,0.7700045,0.895,0.563
1036,video7289.webm,0.86961746,0.7848545,0.7440000000000001,0.929
1037,video7290.webm,0.85389817,0.7700045,0.835,0.6920000000000001
1038,video7291.webm,0.85389817,0.7700045,0.927,0.727
1039,video7292.webm,0.8639835,0.7794263,0.8340000000000001,0.667
1040,video7293.webm,0.8639835,0.7794263,0.982,1.0
1041,video7295.webm,0.85389817,0.7700045,0.535,0.455
1042,video7296.webm,0.85389817,0.7700045,0.833,0.833
1043,video7297.webm,0.86737275,0.7826742,0.8440000000000001,0.6920000000000001
1044,video7298.webm,0.85389817,0.7700045,0.9540000000000001,0.846
1045,video7299.webm,0.86799824,0.78328085,0.878,0.769
1046,video7300.webm,0.8669071,0.7822292,0.868,1.0
1047,video7301.webm,0.86729944,0.7826036,0.927,1.0
1048,video7302.webm,0.8639835,0.7794263,0.917,0.75
1049,video7303.webm,0.85389817,0.7700045,0.895,0.917
1050,video7304.webm,0.86739004,0.78269184,0.98,0.929
1051,video7305.webm,0.85389817,0.7700045,0.958,0.727
1052,video7306.webm,0.8639835,0.7794263,0.7959999999999999,0.9440000000000001
1053,video7307.webm,0.8639835,0.7794263,0.8390000000000001,0.769
1054,video7308.webm,0.8715489,0.78674614,0.889,0.9229999999999999
1055,video7309.webm,0.8639835,0.7794263,0.779,0.769
1056,video7310.webm,0.85389817,0.7700045,0.893,0.8640000000000001
1057,video7311.webm,0.85389817,0.7700045,0.81,0.8
1058,video7312.webm,0.85389817,0.7700045,0.951,1.0
1059,video7313.webm,0.85389817,0.7700045,0.804,0.833
1060,video7314.webm,0.85389817,0.7700045,0.885,0.5710000000000001
1061,video7315.webm,0.85389817,0.7700045,0.9520000000000001,1.0
1062,video7317.webm,0.8582109,0.77401483,0.897,0.8
1063,video7318.webm,0.8692492,0.78449476,0.866,0.545
1064,video7319.webm,0.85389817,0.7700045,0.7959999999999999,0.556
1065,video7320.webm,0.86399436,0.77943623,0.956,0.5379999999999999
1066,video7321.webm,0.85389817,0.7700045,0.924,0.818
1067,video7322.webm,0.86472595,0.7801274,0.833,0.7
1068,video7324.webm,0.8639835,0.7794263,0.9229999999999999,0.556
1069,video7325.webm,0.86806184,0.7833463,0.9540000000000001,1.0
1070,video7328.webm,0.8657186,0.78108376,0.9229999999999999,0.9329999999999999
1071,video7329.webm,0.85389817,0.7700045,0.982,0.917
1072,video7331.webm,0.85389817,0.7700045,0.8270000000000001,1.0
1073,video7333.webm,0.8693918,0.78463686,0.81,0.9
1074,video7334.webm,0.86404514,0.77948487,0.89,0.737
1075,video7335.webm,0.85389817,0.7700045,0.77,0.636
1076,video7336.webm,0.85389817,0.7700045,0.982,0.778
1077,video7337.webm,0.85389817,0.7700045,0.83,0.7
1078,video7338.webm,0.8638911,0.77933943,0.898,0.778
1079,video7339.webm,0.8565525,0.77246547,0.81,0.615
1080,video7341.webm,0.85389817,0.7700045,0.7340000000000001,0.846
1081,video7342.webm,0.86927783,0.7845229,0.863,0.9229999999999999
1082,video7343.webm,0.87137944,0.7865801,0.9540000000000001,1.0
1083,video7344.webm,0.8639835,0.7794263,0.855,0.5
1084,video7345.webm,0.8639866,0.7794298,0.695,0.5
1085,video7346.webm,0.85389817,0.7700045,0.92,0.857
1086,video7347.webm,0.85389817,0.7700045,0.5660000000000001,0.737
1087,video7348.webm,0.85389817,0.7700045,0.775,0.5
1088,video7349.webm,0.85389817,0.7700045,0.809,0.9
1089,video7350.webm,0.8639835,0.7794263,0.838,0.9
1090,video7351.webm,0.85389817,0.7700045,0.9540000000000001,0.583
1091,video7352.webm,0.85901105,0.7747592,0.9229999999999999,0.9
1092,video7355.webm,0.87135303,0.786553,0.667,0.5
1093,video7358.webm,0.85389817,0.7700045,0.8959999999999999,0.545
1094,video7359.webm,0.85389817,0.7700045,0.867,0.545
1095,video7360.webm,0.85389817,0.7700045,0.922,0.917
1096,video7361.webm,0.8638911,0.77933943,0.9259999999999999,1.0
1097,video7362.webm,0.8673944,0.7826953,0.88,0.9
1098,video7363.webm,0.8659243,0.7812813,0.9179999999999999,0.6920000000000001
1099,video7364.webm,0.85389817,0.7700045,0.8909999999999999,0.9
1100,video7365.webm,0.8640205,0.77946126,0.8590000000000001,0.875
1101,video7367.webm,0.85901105,0.7747592,0.858,1.0
1102,video7370.webm,0.85389817,0.7700045,0.951,0.938
1103,video7372.webm,0.85389817,0.7700045,0.96,1.0
1104,video7373.webm,0.85389817,0.7700045,0.9540000000000001,0.917
1105,video7374.webm,0.85389817,0.7700045,0.893,0.846
1106,video7375.webm,0.8642478,0.7796756,0.777,0.833
1107,video7376.webm,0.86780185,0.7830912,0.924,0.7859999999999999
1108,video7377.webm,0.8639835,0.7794263,0.872,0.583
1109,video7378.webm,0.86349905,0.77897006,0.893,0.75
1110,video7380.webm,0.85389817,0.7700045,0.897,0.9
1111,video7381.webm,0.85901105,0.7747592,0.889,0.6920000000000001
1112,video7382.webm,0.8565525,0.77246547,0.72,0.818
1113,video7383.webm,0.8639835,0.7794263,0.888,0.75
1114,video7385.webm,0.85389817,0.7700045,0.893,0.6
1115,video7386.webm,0.85389817,0.7700045,0.866,0.909
1116,video7387.webm,0.85389817,0.7700045,0.863,0.727
1117,video7388.webm,0.8639835,0.7794263,0.866,0.5
1118,video7389.webm,0.85389817,0.7700045,0.861,0.75
1119,video7390.webm,0.85389817,0.7700045,0.866,0.444
1120,video7391.webm,0.85389817,0.7700045,0.8079999999999999,0.765
1121,video7392.webm,0.86732054,0.78262377,0.8340000000000001,0.5
1122,video7394.webm,0.86588144,0.78124017,0.868,0.6920000000000001
1123,video7396.webm,0.85389817,0.7700045,0.9840000000000001,0.9
1124,video7397.webm,0.86372817,0.77918565,0.938,1.0
1125,video7398.webm,0.86976206,0.7849951,0.7659999999999999,0.8420000000000001
1126,video7399.webm,0.87148356,0.7866827,0.8690000000000001,0.833
1127,video7400.webm,0.8639835,0.7794263,0.655,0.8420000000000001
1128,video7401.webm,0.86635745,0.7816981,0.95,0.727
1129,video7402.webm,0.8655493,0.7809199,0.9540000000000001,0.5
1130,video7404.webm,0.86571884,0.7810836,0.8009999999999999,0.75
1131,video7405.webm,0.8565525,0.77246547,0.8109999999999999,0.5710000000000001
1132,video7406.webm,0.8639835,0.7794263,0.895,0.909
1133,video7407.webm,0.8642478,0.7796756,0.845,0.5710000000000001
1134,video7408.webm,0.86786115,0.7831479,0.86,0.889
1135,video7409.webm,0.8639835,0.7794263,0.6459999999999999,0.5
1136,video7410.webm,0.85389817,0.7700045,0.716,0.583
1137,video7411.webm,0.85389817,0.7700045,0.9229999999999999,0.769
1138,video7414.webm,0.85845804,0.7742454,0.831,0.909
1139,video7415.webm,0.85389817,0.7700045,0.955,0.636
1140,video7416.webm,0.85901105,0.7747592,0.893,0.8
1141,video7417.webm,0.85901105,0.7747592,0.777,0.769
1142,video7419.webm,0.8639835,0.7794263,0.9179999999999999,0.846
1143,video7421.webm,0.86926425,0.7845098,0.838,0.9
1144,video7422.webm,0.8694166,0.7846613,0.8640000000000001,0.833
1145,video7423.webm,0.85845804,0.7742454,0.903,0.875
1146,video7424.webm,0.87124705,0.7864505,0.8320000000000001,0.818
1147,video7426.webm,0.8565525,0.77246547,0.758,0.6
1148,video7427.webm,0.86737275,0.7826742,0.868,0.917
1149,video7428.webm,0.85389817,0.7700045,0.653,0.545
1150,video7429.webm,0.86397696,0.77942,0.506,0.5329999999999999
1151,video7431.webm,0.8565525,0.77246547,0.982,1.0
1152,video7432.webm,0.8642323,0.7796612,0.9129999999999999,0.722
1153,video7433.webm,0.8582109,0.77401483,0.9840000000000001,0.909
1154,video7434.webm,0.85389817,0.7700045,0.8140000000000001,0.769
1155,video7435.webm,0.8638953,0.779344,0.982,0.8
1156,video7436.webm,0.86714697,0.7824564,0.9840000000000001,1.0
1157,video7437.webm,0.85389817,0.7700045,0.7120000000000001,0.846
1158,video7438.webm,0.86984074,0.7850739,0.77,0.929
1159,video7439.webm,0.85389817,0.7700045,0.8,0.75
1160,video7442.webm,0.85845804,0.7742454,0.873,0.6920000000000001
1161,video7443.webm,0.869275,0.78452027,0.9540000000000001,0.833
1162,video7444.webm,0.8638911,0.77933943,0.9520000000000001,0.909
1163,video7445.webm,0.85901105,0.7747592,0.8029999999999999,0.895
1164,video7446.webm,0.85389817,0.7700045,0.868,1.0
1165,video7447.webm,0.85389817,0.7700045,0.857,0.917
1166,video7448.webm,0.86737996,0.7826817,0.892,0.818
1167,video7451.webm,0.8651001,0.78048944,0.9229999999999999,0.7
1168,video7452.webm,0.86532617,0.7807064,0.867,0.9
1169,video7453.webm,0.85389817,0.7700045,0.898,0.833
1170,video7454.webm,0.85389817,0.7700045,0.799,0.9
1171,video7456.webm,0.8639835,0.7794263,0.84,0.6920000000000001
1172,video7457.webm,0.85389817,0.7700045,0.983,0.846
1173,video7458.webm,0.8565525,0.77246547,0.836,0.909
1174,video7461.webm,0.85389817,0.7700045,0.863,0.917
1175,video7462.webm,0.8598623,0.775553,0.748,0.5329999999999999
1176,video7463.webm,0.8639835,0.7794263,0.9520000000000001,0.7
1177,video7465.webm,0.8640205,0.77946126,0.98,0.7859999999999999
1178,video7466.webm,0.85901105,0.7747592,0.894,0.909
1179,video7468.webm,0.86394995,0.7793945,0.7190000000000001,0.9229999999999999
1180,video7469.webm,0.85389817,0.7700045,0.807,0.941
1181,video7470.webm,0.8582109,0.77401483,0.865,0.765
1182,video7471.webm,0.8640001,0.77944297,0.8640000000000001,0.846
1183,video7472.webm,0.86564183,0.7810091,0.922,0.727
1184,video7473.webm,0.85389817,0.7700045,0.828,0.8
1185,video7474.webm,0.85389817,0.7700045,0.8420000000000001,0.8
1186,video7475.webm,0.85389817,0.7700045,0.741,0.85
1187,video7477.webm,0.85389817,0.7700045,0.927,0.897
1188,video7478.webm,0.8598623,0.775553,0.892,0.833
1189,video7479.webm,0.85901105,0.7747592,0.8390000000000001,0.8
1190,video7480.webm,0.8678732,0.7831636,0.889,0.833
1191,video7481.webm,0.8639835,0.7794263,0.9229999999999999,0.846
1192,video7483.webm,0.86732054,0.78262377,0.812,0.8
1193,video7485.webm,0.85389817,0.7700045,0.922,0.833
1194,video7486.webm,0.85389817,0.7700045,0.8,0.636
1195,video7488.webm,0.85389817,0.7700045,0.9209999999999999,1.0
1196,video7489.webm,0.8655493,0.7809199,0.909,0.8390000000000001
1197,video7491.webm,0.85901105,0.7747592,0.713,0.818
1198,video7492.webm,0.8640205,0.77946126,0.9540000000000001,1.0
1199,video7493.webm,0.8639835,0.7794263,0.953,0.615
